Model,F1,Recall,Precision,Accuracy
Tuned XGBoost CV,0.5815449412084907,0.47449051751848276,0.755036499713971,0.8612
