Model,F1,Recall,Precision,Accuracy
Tuned Random Forest Validated,0.5755102040816327,0.46078431372549017,0.7663043478260869,0.8613333333333333
